[
  {
    "Id": 1,
    "Image": "./wwwroot/images/lataBushidoCafe.png",
    "Name": "La especialidad de Fígaro",
    "Description": "El mejor café de \"El Alpiste\" traído hasta aquí.",
    "NutritionalInfo": "Energia: 120 kcal, Grasas: 2g, Azúcares: 1g",
    "CategoryId": 1,
    "Intensity": 2,
    "Price": 2.50,
    "Discount": 0,
    "Stock": 0
  },
  {
    "Id": 2,
    "Image": "./wwwroot/images/lataBushidoCafe.png",
    "Name": "Café Espresso",
    "Description": "Un espresso auténtico, fuerte y con cuerpo, ideal para comenzar el día.",
    "NutritionalInfo": "Energia: 100 kcal, Grasas: 1g, Azúcares: 0g",
    "CategoryId": 1,
    "Intensity": 2,
    "Price": 2.50,
    "Discount": 0,
    "Stock": 5
  },
  {
    "Id": 3,
    "Image": "./wwwroot/images/lataBushidoCafe.png",
    "Name": "Café Americano",
    "Description": "Un café suave y diluido, perfecto para los que disfrutan de un sabor más ligero.",
    "NutritionalInfo": "Energia: 110 kcal, Grasas: 1g, Azúcares: 1g",
    "CategoryId": 1,
    "Intensity": 1,
    "Price": 3.00,
    "Discount": 0,
    "Stock": 8
  },
  {
    "Id": 4,
    "Image": "./wwwroot/images/lataBushidoCafe.png",
    "Name": "Café Latte",
    "Description": "Un café suave con leche cremosa, ideal para quienes prefieren una bebida dulce.",
    "NutritionalInfo": "Energia: 150 kcal, Grasas: 6g, Azúcares: 12g",
    "CategoryId": 1,
    "Intensity": 1,
    "Price": 3.50,
    "Discount": 0,
    "Stock": 12
  },
  {
    "Id": 5,
    "Image": "./wwwroot/images/lataBushidoCafe.png",
    "Name": "Café Mocha",
    "Description": "La combinación perfecta de café y chocolate, para los amantes del dulce.",
    "NutritionalInfo": "Energia: 160 kcal, Grasas: 7g, Azúcares: 15g",
    "CategoryId": 1,
    "Intensity": 1,
    "Price": 3.00,
    "Discount": 0,
    "Stock": 10
  },
  {
    "Id": 6,
    "Image": "./wwwroot/images/lataBushidoCafe.png",
    "Name": "Café Cappuccino",
    "Description": "Un clásico con leche espumosa y un toque de cacao en polvo.",
    "NutritionalInfo": "Energia: 130 kcal, Grasas: 4g, Azúcares: 8g",
    "CategoryId": 1,
    "Intensity": 1,
    "Price": 2.80,
    "Discount": 0,
    "Stock": 15
  },
  {
    "Id": 7,
    "Image": "./wwwroot/images/lataBushidoCafe.png",
    "Name": "Café Macchiato",
    "Description": "Un espresso con un toque de leche espumosa, ideal para los que buscan intensidad.",
    "NutritionalInfo": "Energia: 120 kcal, Grasas: 2g, Azúcares: 1g",
    "CategoryId": 1,
    "Intensity": 2,
    "Price": 3.20,
    "Discount": 0,
    "Stock": 0
  },
  {
    "Id": 8,
    "Image": "./wwwroot/images/lataBushidoCafe.png",
    "Name": "Café Cold Brew",
    "Description": "Café frío, con un sabor suave y refrescante, perfecto para los días calurosos.",
    "NutritionalInfo": "Energia: 110 kcal, Grasas: 1g, Azúcares: 0g",
    "CategoryId": 1,
    "Intensity": 0,
    "Price": 3.10,
    "Discount": 0,
    "Stock": 6
  },
  {
    "Id": 9,
    "Image": "./wwwroot/images/lataBushidoCafe.png",
    "Name": "Café Irish",
    "Description": "Un café con un toque de whisky irlandés, ideal para una experiencia única.",
    "NutritionalInfo": "Energia: 180 kcal, Grasas: 8g, Azúcares: 10g",
    "CategoryId": 1,
    "Intensity": 2,
    "Price": 4.00,
    "Discount": 0,
    "Stock": 3
  },
  {
    "Id": 10,
    "Image": "./wwwroot/images/lataBushidoCafe.png",
    "Name": "Café Frapuccino",
    "Description": "Un café helado con leche y hielo, ideal para los amantes de lo dulce y refrescante.",
    "NutritionalInfo": "Energia: 140 kcal, Grasas: 5g, Azúcares: 12g",
    "CategoryId": 1,
    "Intensity": 0,
    "Price": 3.50,
    "Discount": 0,
    "Stock": 5
  },
  {
    "Id": 11,
    "Image": "./wwwroot/images/lataBushidoCafe.png",
    "Name": "Café de la Casa",
    "Description": "Un café suave y equilibrado para todos los gustos, ideal para cualquier momento del día.",
    "NutritionalInfo": "Energia: 120 kcal, Grasas: 3g, Azúcares: 2g",
    "CategoryId": 1,
    "Intensity": 1,
    "Price": 2.70,
    "Discount": 0,
    "Stock": 9
  },
  {
    "Id": 12,
    "Image": "./wwwroot/images/lataBushidoCafe.png",
    "Name": "Café Vienés",
    "Description": "Un café suave con nata montada, ideal para disfrutar en una tarde relajante.",
    "NutritionalInfo": "Energia: 170 kcal, Grasas: 8g, Azúcares: 10g",
    "CategoryId": 1,
    "Intensity": 0,
    "Price": 3.30,
    "Discount": 0,
    "Stock": 13
  },
  {
    "Id": 13,
    "Image": "./wwwroot/images/lataBushidoCafe.png",
    "Name": "Café Caramelizado",
    "Description": "Café con un toque dulce de caramelo, para los que disfrutan del café con un toque especial.",
    "NutritionalInfo": "Energia: 160 kcal, Grasas: 6g, Azúcares: 14g",
    "CategoryId": 1,
    "Intensity": 1,
    "Price": 2.90,
    "Discount": 0,
    "Stock": 0
  },
  {
    "Id": 14,
    "Image": "./wwwroot/images/lataBushidoCafe.png",
    "Name": "Café Cortado",
    "Description": "Un café espresso con un toque de leche, ideal para quienes prefieren una mezcla suave.",
    "NutritionalInfo": "Energia: 130 kcal, Grasas: 4g, Azúcares: 2g",
    "CategoryId": 1,
    "Intensity": 1,
    "Price": 3.00,
    "Discount": 0,
    "Stock": 0
  },
  {
    "Id": 15,
    "Image": "./wwwroot/images/teVerde.png",
    "Name": "Té Verde Orgánico",
    "Description": "Un té verde orgánico que promueve la salud con su toque refrescante.",
    "NutritionalInfo": "Energia: 5 kcal, Grasas: 0g, Azúcares: 0g",
    "CategoryId": 2,
    "Intensity": 1,
    "Price": 2.20,
    "Discount": 0,
    "Stock": 15
  },
  {
    "Id": 16,
    "Image": "./wwwroot/images/teNegro.png",
    "Name": "Té Negro",
    "Description": "Un té negro clásico, ideal para una bebida revitalizante.",
    "NutritionalInfo": "Energia: 10 kcal, Grasas: 0g, Azúcares: 0g",
    "CategoryId": 2,
    "Intensity": 2,
    "Price": 2.50,
    "Discount": 0,
    "Stock": 12
  },
  {
    "Id": 17,
    "Image": "./wwwroot/images/teRooibos.png",
    "Name": "Té Rooibos",
    "Description": "Un té herbal, naturalmente libre de cafeína y con un sabor suave.",
    "NutritionalInfo": "Energia: 5 kcal, Grasas: 0g, Azúcares: 0g",
    "CategoryId": 2,
    "Intensity": 1,
    "Price": 3.00,
    "Discount": 0,
    "Stock": 8
  },
  {
    "Id": 18,
    "Image": "./wwwroot/images/teOolong.png",
    "Name": "Té Oolong",
    "Description": "Un té semifermentado, con un sabor intermedio entre el té verde y negro.",
    "NutritionalInfo": "Energia: 7 kcal, Grasas: 0g, Azúcares: 0g",
    "CategoryId": 2,
    "Intensity": 2,
    "Price": 3.20,
    "Discount": 0,
    "Stock": 6
  },
  {
    "Id": 19,
    "Image": "./wwwroot/images/teJasmin.png",
    "Name": "Té de Jazmín",
    "Description": "Té verde aromatizado con jazmín, para una experiencia floral y relajante.",
    "NutritionalInfo": "Energia: 5 kcal, Grasas: 0g, Azúcares: 0g",
    "CategoryId": 2,
    "Intensity": 1,
    "Price": 2.80,
    "Discount": 0,
    "Stock": 5
  },
  {
    "Id": 20,
    "Image": "./wwwroot/images/teVerde.png",
    "Name": "Té Matcha",
    "Description": "Té verde concentrado, con un sabor umami y muchos beneficios antioxidantes.",
    "NutritionalInfo": "Energia: 10 kcal, Grasas: 0g, Azúcares: 0g",
    "CategoryId": 2,
    "Intensity": 3,
    "Price": 3.50,
    "Discount": 0,
    "Stock": 0
  },
  {
    "Id": 21,
    "Image": "./wwwroot/images/teJasmin.png",
    "Name": "Té de Manzanilla",
    "Description": "Un té relajante con un toque dulce y floral.",
    "NutritionalInfo": "Energia: 0 kcal, Grasas: 0g, Azúcares: 0g",
    "CategoryId": 2,
    "Intensity": 1,
    "Price": 2.50,
    "Discount": 0,
    "Stock": 10
  },
  {
    "Id": 22,
    "Image": "./wwwroot/images/teNegro.png",
    "Name": "Té Earl Grey",
    "Description": "Té negro aromatizado con aceite de bergamota, para un sabor único.",
    "NutritionalInfo": "Energia: 10 kcal, Grasas: 0g, Azúcares: 0g",
    "CategoryId": 2,
    "Intensity": 2,
    "Price": 3.10,
    "Discount": 0,
    "Stock": 9
  },
  {
    "Id": 23,
    "Image": "./wwwroot/images/teOolong.png",
    "Name": "Té Chai",
    "Description": "Un té especiado con canela, cardamomo y otras especias, para una bebida cálida y reconfortante.",
    "NutritionalInfo": "Energia: 5 kcal, Grasas: 0g, Azúcares: 0g",
    "CategoryId": 2,
    "Intensity": 3,
    "Price": 2.90,
    "Discount": 0,
    "Stock": 7
  },
  {
    "Id": 24,
    "Image": "./wwwroot/images/teRooibos.png",
    "Name": "Té Rooibos Limón",
    "Description": "Rooibos con un toque de limón, refrescante y libre de cafeína.",
    "NutritionalInfo": "Energia: 5 kcal, Grasas: 0g, Azúcares: 0g",
    "CategoryId": 2,
    "Intensity": 1,
    "Price": 3.20,
    "Discount": 0,
    "Stock": 6
  },
  {
    "Id": 25,
    "Image": "./wwwroot/images/teNegro.png",
    "Name": "Té de Hibisco",
    "Description": "Un té rojo, floral y ácido, perfecto para el calor del verano.",
    "NutritionalInfo": "Energia: 0 kcal, Grasas: 0g, Azúcares: 0g",
    "CategoryId": 2,
    "Intensity": 1,
    "Price": 3.00,
    "Discount": 0,
    "Stock": 11
  },
  {
    "Id": 26,
    "Image": "./wwwroot/images/termo.png",
    "Name": "Termo de acero inoxidable",
    "Description": "Termo de alta calidad para mantener tus bebidas calientes o frías.",
    "NutritionalInfo": null,
    "CategoryId": 3,
    "Intensity": null,
    "Price": 15.00,
    "Discount": 0,
    "Stock": 20
  },
  {
    "Id": 27,
    "Image": "./wwwroot/images/taza.png",
    "Name": "Taza cerámica",
    "Description": "Taza de cerámica con diseño exclusivo.",
    "NutritionalInfo": null,
    "CategoryId": 3,
    "Intensity": null,
    "Price": 7.00,
    "Discount": 0,
    "Stock": 25
  },
  {
    "Id": 28,
    "Image": "./wwwroot/images/botella.png",
    "Name": "Botella de agua",
    "Description": "Botella reutilizable para mantener tu agua fresca.",
    "NutritionalInfo": null,
    "CategoryId": 3,
    "Intensity": null,
    "Price": 10.00,
    "Discount": 0,
    "Stock": 30
  },
  {
    "Id": 29,
    "Image": "./wwwroot/images/accesorioCafe.png",
    "Name": "Accesorio de café",
    "Description": "Accesorio esencial para preparar tu café.",
    "NutritionalInfo": null,
    "CategoryId": 3,
    "Intensity": null,
    "Price": 5.00,
    "Discount": 0,
    "Stock": 0
  },
  {
    "Id": 30,
    "Image": "./wwwroot/images/botellaTermica.png",
    "Name": "Botella térmica",
    "Description": "Mantén tus bebidas calientes con esta botella térmica de alta calidad.",
    "NutritionalInfo": null,
    "CategoryId": 3,
    "Intensity": null,
    "Price": 12.00,
    "Discount": 0,
    "Stock": 7
  },
  {
    "Id": 31,
    "Image": "./wwwroot/images/accesorioCafe.png",
    "Name": "Cafetera italiana",
    "Description": "Cafetera para preparar un delicioso café al estilo tradicional italiano.",
    "NutritionalInfo": null,
    "CategoryId": 3,
    "Intensity": null,
    "Price": 18.00,
    "Discount": 0,
    "Stock": 15
  },
  {
    "Id": 32,
    "Image": "./wwwroot/images/taza.png",
    "Name": "Taza con infusor",
    "Description": "Taza ideal para preparar tés de hojas sueltas.",
    "NutritionalInfo": null,
    "CategoryId": 3,
    "Intensity": null,
    "Price": 9.00,
    "Discount": 0,
    "Stock": 22
  },
  {
    "Id": 33,
    "Image": "./wwwroot/images/botellaTermica.png",
    "Name": "Botella termal de viaje",
    "Description": "Botella termal que mantiene tus bebidas a la temperatura ideal mientras viajas.",
    "NutritionalInfo": null,
    "CategoryId": 3,
    "Intensity": null,
    "Price": 14.00,
    "Discount": 0,
    "Stock": 18
  },
  {
    "Id": 34,
    "Image": "./wwwroot/images/botella.png",
    "Name": "Botella térmica para café",
    "Description": "Botella térmica especialmente diseñada para mantener el café caliente.",
    "NutritionalInfo": null,
    "CategoryId": 3,
    "Intensity": null,
    "Price": 11.00,
    "Discount": 0,
    "Stock": 0
  }
]